,eta,razza,mangime,temperatura,peso,q_uova_mensili
0,56,Rhode Island Red,Type A,23.073219112260688,1782.2684855341204,7
1,19,Sussex,Type A,33.167451172280614,1677.7406344101644,6
2,65,Leghorn,Type B,33.19372782427294,2494.1707067567577,3
3,25,Sussex,Type A,33.058676375690105,3165.2390840292287,7
4,28,Leghorn,Type C,23.58194317072309,3366.834322308489,2
5,7,Sussex,Type A,26.768590162714823,1264.764511009394,5
6,26,Plymouth Rock,Type C,34.774844842113126,1387.0715314942995,6
7,57,Leghorn,Type A,31.580187144649855,3361.840646957699,7
8,6,Sussex,Type A,20.407511318383396,2841.3380708369814,12
9,34,Plymouth Rock,Type A,20.978068868907382,3207.4845620744327,6
10,42,Leghorn,Type A,26.95897065218499,1506.5815853383579,5
11,6,Plymouth Rock,Type C,33.638303087923404,2468.9646777735047,5
12,68,Rhode Island Red,Type C,28.080526969290712,2752.848986043684,6
13,64,Rhode Island Red,Type B,27.467187620514352,2700.2797136174313,5
14,25,Leghorn,Type C,21.58210549934946,2020.3792271667453,8
15,37,Sussex,Type A,29.85170157086441,1038.4872292282712,6
16,62,Leghorn,Type B,32.331547409003385,2457.315142010658,3
17,26,Plymouth Rock,Type B,25.706300112613434,1632.7538479490217,9
18,53,Sussex,Type B,31.63417776387991,2125.635615357226,6
19,63,Rhode Island Red,Type A,34.467149808512175,3393.9525377095433,9
20,46,Sussex,Type C,23.056496886915337,1997.5882941060868,7
21,64,Rhode Island Red,Type A,27.84994446792112,3099.504016661067,5
22,19,Sussex,Type B,24.307069371268632,1471.3515143731279,3
23,66,Sussex,Type A,31.892816285507593,2681.1512450625723,6
24,66,Sussex,Type A,28.663900488217365,3442.5173860973587,8
25,51,Plymouth Rock,Type C,29.518736263254556,1254.732752182342,7
26,66,Plymouth Rock,Type C,31.96871239423841,1020.79985556798,4
27,55,Leghorn,Type B,25.939557089936823,2083.9569815815357,6
28,59,Leghorn,Type A,33.72635102610565,1231.563707628418,7
29,68,Rhode Island Red,Type A,27.9954330086921,2870.9608741905786,6
30,7,Plymouth Rock,Type C,22.36932234253022,3286.371659621397,8
31,55,Rhode Island Red,Type A,30.438486772532038,2085.0524317718973,6
32,11,Leghorn,Type A,31.898920256573817,1646.7791053886024,7
33,25,Rhode Island Red,Type A,24.7514251560129,2086.008297516524,5
34,43,Leghorn,Type C,32.85768885498129,2808.6195446250026,4
35,22,Plymouth Rock,Type B,33.5921488214865,1022.6354039509274,8
36,8,Sussex,Type B,24.153567310667135,2473.634973711743,6
37,64,Plymouth Rock,Type A,34.75282209072833,2533.2292122184476,8
38,18,Rhode Island Red,Type B,22.110672920731375,2594.2206172398387,7
39,13,Rhode Island Red,Type C,23.03023502603735,1605.055199952193,6
40,57,Plymouth Rock,Type C,22.76337258857039,2785.131808445317,10
41,6,Plymouth Rock,Type B,33.40984565011806,1228.478715829441,6
42,64,Leghorn,Type B,29.814388284874425,1498.175841167002,4
43,48,Rhode Island Red,Type A,22.281564248334092,3193.6751166362046,7
44,12,Rhode Island Red,Type B,26.604851275525235,2846.807876816416,12
45,51,Plymouth Rock,Type A,29.229470376047033,1034.363885028363,6
46,39,Sussex,Type A,21.25196127484075,1620.9406509245005,4
47,40,Rhode Island Red,Type C,33.23624552611008,1536.0162074829113,5
48,54,Sussex,Type C,32.05405303162303,1677.0158200924316,5
49,8,Plymouth Rock,Type C,27.57810160364957,1618.8994256997162,7
50,6,Plymouth Rock,Type C,34.506899228887555,1156.3157393571144,3
51,10,Leghorn,Type B,26.266414689126496,2147.351291492051,6
52,58,Rhode Island Red,Type C,34.761654785547464,2831.833686965413,2
53,8,Sussex,Type B,30.018799982054404,2516.829311793591,5
54,58,Leghorn,Type C,29.520069098809124,2682.1791714951996,4
55,67,Rhode Island Red,Type B,22.489323429436773,1202.872946340598,7
56,22,Leghorn,Type A,33.228916374569664,3378.726775441968,3
57,48,Plymouth Rock,Type B,26.412345318809226,3096.229584607562,5
58,38,Rhode Island Red,Type B,22.43350108673719,3012.725796239157,3
59,66,Leghorn,Type C,20.189112799636387,3057.4595126044187,8
60,18,Leghorn,Type B,28.39633525457574,3331.7762703319036,8
61,52,Sussex,Type A,27.910994331840143,2360.634915284244,7
62,19,Leghorn,Type A,30.790304335537378,1500.7050446690648,6
63,66,Rhode Island Red,Type C,33.35387079526703,2541.959019631353,7
64,44,Rhode Island Red,Type A,21.191098769645443,2857.2037341698474,4
65,57,Sussex,Type B,30.972447355105437,2844.793483385063,5
66,28,Rhode Island Red,Type A,22.811179161463734,2303.6225604172005,7
67,30,Plymouth Rock,Type C,32.87265579735746,1171.146798333945,5
68,64,Rhode Island Red,Type B,32.28595270792484,1927.7823460753195,5
69,45,Rhode Island Red,Type C,28.111906324783163,3301.916521158393,10
70,33,Leghorn,Type B,30.653641979349672,2461.122274393565,5
71,19,Leghorn,Type A,24.715251697756226,2345.8298581392837,3
72,49,Rhode Island Red,Type C,27.06751848399222,1672.1337859554837,5
73,69,Sussex,Type C,32.324553465657075,1921.1222997914474,6
74,13,Leghorn,Type B,26.888977957598208,3238.3652228829233,8
75,5,Sussex,Type C,25.366973979881628,2666.1576188170893,10
76,12,Rhode Island Red,Type B,27.4131867087545,2968.4675668808322,3
77,67,Rhode Island Red,Type B,32.423738786558275,2135.8635576691377,7
78,15,Plymouth Rock,Type B,25.02812071056309,2575.6180486403946,5
79,12,Leghorn,Type B,22.60642389703616,1620.9590218580188,4
80,39,Rhode Island Red,Type A,30.68021030496171,2763.6520757087155,4
81,39,Plymouth Rock,Type B,32.389673190621224,2069.0033342583433,9
82,37,Leghorn,Type C,21.509562177853,2106.363787036864,6
83,9,Rhode Island Red,Type A,23.59811169133917,2623.3058114422042,5
84,45,Rhode Island Red,Type C,22.12957984641491,3340.7015536723165,10
85,32,Leghorn,Type A,25.2191211737325,1160.0158665215522,8
86,11,Leghorn,Type B,26.75526468358119,3061.858093367519,6
87,16,Leghorn,Type A,31.232395054449597,1730.9577760304828,4
88,38,Rhode Island Red,Type A,29.767213773225112,2109.798636265945,9
89,37,Rhode Island Red,Type C,29.313928512176467,1054.7833219375225,3
90,52,Plymouth Rock,Type C,25.285624199144817,1752.6151945857825,9
91,27,Sussex,Type B,32.621713296271395,2256.5781065753263,8
92,66,Leghorn,Type A,27.069307510972468,1140.4401933685976,8
93,41,Rhode Island Red,Type A,34.686574070227316,2227.739323457913,9
94,48,Rhode Island Red,Type A,29.512132074436053,3317.7765721460682,3
95,39,Leghorn,Type B,21.89397112346754,1263.483045269513,6
96,69,Sussex,Type B,30.14266343113151,2911.101820188761,8
97,51,Leghorn,Type B,24.876560231475484,2024.1776334399815,9
98,7,Sussex,Type B,30.29490795029146,2637.934286310845,5
99,5,Rhode Island Red,Type B,21.044617222436088,1650.5914949630733,6
100,9,Sussex,Type C,22.62322155763939,1398.7306563533957,3
101,18,Plymouth Rock,Type A,32.836058883586794,1401.1565356780661,9
102,31,Rhode Island Red,Type A,23.407693355352723,1176.2298641078617,4
103,13,Plymouth Rock,Type A,32.5556168786441,1464.1167622531075,7
104,19,Leghorn,Type A,24.189141326816156,2660.5484624724204,6
105,46,Leghorn,Type A,29.643228650880616,3204.2265296087703,5
106,55,Leghorn,Type A,30.412258602647466,3035.3142139779047,4
107,67,Sussex,Type A,27.689821297175794,2712.8357746862102,7
108,56,Rhode Island Red,Type A,24.57966015045097,1276.0796585277567,7
109,8,Leghorn,Type C,23.189665645566443,1722.9686157398746,6
110,27,Leghorn,Type A,20.497840318436392,1774.5171883061726,5
111,19,Rhode Island Red,Type C,24.559196018610855,1624.892365994053,3
112,47,Leghorn,Type B,29.797441857969247,2287.514149274308,5
113,33,Plymouth Rock,Type A,34.07457227672724,2338.8845371991815,11
114,40,Rhode Island Red,Type B,33.06806723394578,1892.2149379277755,3
115,17,Rhode Island Red,Type B,31.49097164802954,1884.47289684109,6
116,36,Rhode Island Red,Type B,31.826710148799478,3071.3889947652033,4
117,63,Plymouth Rock,Type C,29.97477355213993,2973.232120799214,5
118,32,Rhode Island Red,Type B,23.904302863490045,1769.4895792018642,8
119,70,Plymouth Rock,Type B,33.607925460587445,3284.4711096831484,5
120,46,Rhode Island Red,Type B,30.06098467858751,3382.0375425062653,6
121,49,Sussex,Type A,28.406609464706598,1816.856355075102,5
122,66,Leghorn,Type A,21.664842038202217,1886.0623719826372,7
123,61,Sussex,Type C,26.705833157096382,2264.085383554897,10
124,10,Leghorn,Type C,26.905374068028895,3352.802031334184,7
125,32,Plymouth Rock,Type A,32.96845414284005,3190.798582855779,8
126,32,Sussex,Type C,28.199723302816828,1256.4199064589745,3
127,48,Rhode Island Red,Type A,25.706008234556144,1981.8268581785405,5
128,34,Leghorn,Type B,34.65200492765989,2383.4279743744296,6
129,66,Leghorn,Type B,21.660808899894736,2257.83118137885,6
130,66,Sussex,Type C,26.33822642467917,1484.6576698422318,9
131,5,Plymouth Rock,Type A,20.63037012757108,3147.0419279203866,7
132,31,Sussex,Type A,31.098561811503956,2692.3519574920933,4
133,66,Plymouth Rock,Type C,33.771148282987255,3094.770937129509,7
134,7,Plymouth Rock,Type A,24.200559943257343,3146.9106983736806,5
135,74,Leghorn,Type B,32.875125151986815,2870.8896341643494,3
136,31,Sussex,Type C,24.383273456928467,2098.0265031242934,5
137,13,Sussex,Type C,33.66155242465873,2526.366887538561,3
138,66,Plymouth Rock,Type A,31.30942855395176,1400.9135152993579,3
139,41,Sussex,Type C,32.073601652621576,2684.113543687269,5
140,55,Rhode Island Red,Type A,20.270098334006818,1448.133139348202,9
141,48,Rhode Island Red,Type A,34.44215535611039,2734.873976275392,6
142,28,Sussex,Type A,30.90006488105485,1573.9954018849216,5
143,63,Sussex,Type A,24.571266430792,1293.87825037555,9
144,36,Plymouth Rock,Type A,32.4409199728827,1413.2112253573937,9
145,56,Rhode Island Red,Type C,24.22281797622395,1004.9803380476757,9
146,66,Rhode Island Red,Type B,33.09130759349192,2796.8490446338255,7
147,62,Leghorn,Type B,21.688705856179055,2831.0026226459477,6
148,56,Plymouth Rock,Type C,30.555289661911935,2287.3333747831484,11
149,16,Leghorn,Type C,28.110477149673656,1403.4070026384593,3
150,43,Rhode Island Red,Type B,21.44801705293161,1208.8858437767244,5
151,6,Plymouth Rock,Type B,23.628407423882585,1047.8224160932175,9
152,7,Sussex,Type B,20.186060544159723,1414.3704424130517,3
153,60,Plymouth Rock,Type B,27.031519481967585,3227.138837457867,8
154,63,Sussex,Type B,24.518978911400005,1603.8421042542045,5
155,6,Sussex,Type A,28.975362264466384,1885.678318043039,5
156,6,Plymouth Rock,Type C,24.458567115629258,1263.363711203333,11
157,58,Sussex,Type A,24.49878667260477,1555.9032618704257,3
158,5,Leghorn,Type B,31.14789798097405,2298.061426950513,5
159,23,Rhode Island Red,Type B,20.722142539675303,2519.3817077391313,12
160,6,Sussex,Type B,33.54342492787981,1613.3807854155275,5
161,57,Leghorn,Type A,32.78395811586772,1144.330398062793,5
162,48,Sussex,Type A,30.017070248396095,1977.5821728184965,8
163,36,Rhode Island Red,Type B,28.898323551610765,1585.5084273158354,4
164,74,Leghorn,Type A,33.384537472094785,1548.8848080745047,8
165,36,Rhode Island Red,Type A,22.779952692930717,3399.6570067836383,5
166,72,Rhode Island Red,Type B,21.184537432862427,2540.75121481431,3
167,59,Leghorn,Type A,23.592652548643073,2392.19610793024,6
168,60,Leghorn,Type C,31.918674180502855,2039.4377588083048,3
169,21,Leghorn,Type C,20.52005400089725,2072.3608335753606,3
170,42,Plymouth Rock,Type C,28.742102526252346,2352.262509595202,4
171,28,Leghorn,Type C,34.93156274286965,2741.074517590268,6
172,73,Leghorn,Type B,32.835441407563096,2755.3652404545737,8
173,74,Leghorn,Type B,27.821685335653843,1429.234769263624,7
174,15,Leghorn,Type B,20.954613639299634,2250.2818801915673,9
175,20,Sussex,Type C,32.470602715785645,2029.895237585255,3
176,63,Plymouth Rock,Type C,28.984677622658158,3176.3174156734603,8
177,74,Rhode Island Red,Type A,21.723994955893502,2578.5473030459407,10
178,7,Leghorn,Type A,21.407859272350343,2331.2601660399546,8
179,24,Sussex,Type C,33.644402291548886,1288.4866054472934,4
180,63,Sussex,Type C,30.03800394407118,2514.094723308529,5
181,40,Sussex,Type C,32.439301989751335,1293.0097642005835,5
182,23,Rhode Island Red,Type C,33.18468350423401,1843.0164389143802,3
183,71,Leghorn,Type A,28.576585280724835,1357.1049120358298,6
184,23,Plymouth Rock,Type C,27.761695276325618,2730.1841175609225,9
185,24,Plymouth Rock,Type A,26.45641115481485,1515.6302845903815,8
186,56,Sussex,Type C,24.75419881686679,1979.648432970065,9
187,37,Rhode Island Red,Type C,26.518939412880677,3239.186944046947,6
188,44,Rhode Island Red,Type C,31.608194835952347,1510.7909584974257,8
189,43,Rhode Island Red,Type A,29.02885146522697,2269.5126598969478,5
190,5,Plymouth Rock,Type A,33.38784934932269,2048.179152915055,3
191,15,Sussex,Type B,26.650700215687817,1045.3101026143243,8
192,61,Leghorn,Type C,29.10634368078131,2981.895283932032,4
193,54,Plymouth Rock,Type B,29.46961329637983,1172.6147657864992,12
194,27,Sussex,Type B,28.875457434594885,2185.637552442384,7
195,35,Sussex,Type A,30.539506596282745,2401.695737347375,8
196,46,Leghorn,Type A,23.561502025622094,2571.0661415364675,6
197,11,Leghorn,Type B,27.68545666318686,2721.5790732696887,5
198,20,Leghorn,Type C,21.563372042125216,1633.1809588067877,7
199,64,Rhode Island Red,Type A,25.76766991467219,1024.9469416461234,6
200,6,Leghorn,Type C,27.315006029318965,2808.60915588728,4
201,5,Sussex,Type C,29.783363893182088,2339.1414983689465,2
202,52,Leghorn,Type B,34.25796578879305,3090.294258018122,5
203,16,Sussex,Type B,29.00976599822534,3053.4709072517358,3
204,73,Plymouth Rock,Type B,31.153908742648397,3108.315419469708,8
205,41,Rhode Island Red,Type B,27.593990892428042,2212.7366499488503,9
206,36,Plymouth Rock,Type A,29.51156047064497,1834.070989592164,4
207,13,Plymouth Rock,Type A,21.0639832420066,2978.895506478425,3
208,23,Sussex,Type B,23.815873712627706,2128.2352825731373,4
209,52,Plymouth Rock,Type A,25.42779639807708,1458.6054910085863,7
210,7,Sussex,Type B,27.087400325097704,3137.435048903686,7
211,24,Leghorn,Type C,20.684731182535756,3206.3996919308684,3
212,28,Leghorn,Type C,22.100361463299766,2165.774390350425,9
213,58,Sussex,Type C,24.152214616869585,1189.2493182744686,9
214,37,Leghorn,Type B,34.57299036351576,1969.565224792328,5
215,28,Rhode Island Red,Type C,24.970205106545762,3008.8441486565084,9
216,40,Plymouth Rock,Type A,27.230615871681238,3254.4350713655717,3
217,42,Rhode Island Red,Type C,22.941465691075894,1508.6818562439896,7
218,29,Plymouth Rock,Type C,29.161701066136523,1167.4340300631789,5
219,22,Leghorn,Type C,24.210248232739616,3193.3761328320966,7
220,70,Rhode Island Red,Type A,23.1048886765764,1973.5123474471882,9
221,58,Leghorn,Type B,27.748589426689687,2354.4024106689085,4
222,39,Plymouth Rock,Type A,20.082586987406312,3420.1645301268973,4
223,65,Sussex,Type B,20.11496048973838,1166.411819785557,9
224,45,Sussex,Type B,23.286032136527865,2620.7950186302387,5
225,37,Rhode Island Red,Type C,20.550820437512318,1185.2635564371676,6
226,72,Leghorn,Type B,21.62038631196037,1938.672321166251,5
227,37,Leghorn,Type A,25.082909740081273,3009.536362983617,4
228,18,Rhode Island Red,Type A,32.038785193697194,2083.680581889086,5
229,25,Sussex,Type B,28.58072965053951,3492.955884757376,6
230,52,Plymouth Rock,Type C,27.690015889346245,2397.6482123665055,8
231,24,Rhode Island Red,Type C,24.402332348121824,1802.9053815898837,5
232,12,Plymouth Rock,Type A,33.976305791492244,1550.278314761883,6
233,11,Sussex,Type C,25.955225618557876,1876.3013357154045,8
234,71,Leghorn,Type B,21.306391501936574,1931.3331843988772,7
235,21,Sussex,Type B,29.25599774176702,1171.7841943099024,5
236,37,Rhode Island Red,Type A,21.70757590214902,1923.935498566933,4
237,52,Leghorn,Type B,25.17834714202538,2160.5962993480625,8
238,63,Rhode Island Red,Type A,27.611179080767133,2806.844380597012,9
239,26,Rhode Island Red,Type B,33.11333787027763,2641.8237118040197,5
240,34,Sussex,Type A,27.40319870510178,2771.9141380728856,5
241,42,Rhode Island Red,Type C,30.533881490474965,1020.9092046921428,5
242,55,Sussex,Type B,34.89225258498605,1544.16849895134,10
243,58,Leghorn,Type B,21.972336798469726,2654.210720999641,1
244,12,Sussex,Type A,24.120972882792792,2209.973420449368,5
245,31,Leghorn,Type A,25.918641133964698,1013.2836891708648,7
246,31,Sussex,Type B,26.32742267808247,3011.2366060795557,6
247,25,Plymouth Rock,Type A,26.165316128983186,2932.0239332258434,10
248,34,Plymouth Rock,Type B,33.614165038348325,2371.047907483907,5
249,32,Rhode Island Red,Type C,30.710489667002847,1166.1583144406802,5
250,68,Sussex,Type A,29.118578211360557,2916.2876238314616,7
251,73,Sussex,Type B,24.64059076794173,2459.28396932841,7
252,65,Leghorn,Type C,32.356855763319416,2954.8999428948982,3
253,52,Rhode Island Red,Type C,34.32590767227484,2879.367480989601,6
254,23,Sussex,Type B,32.3179742382534,3007.505179894593,8
255,8,Rhode Island Red,Type A,20.023476577872092,2295.0201660115617,5
256,39,Plymouth Rock,Type B,29.546020552751106,1350.8112954837875,6
257,68,Sussex,Type C,20.76703072163151,2677.8936834492215,6
258,53,Sussex,Type B,23.86410830500583,2551.184462629926,3
259,21,Rhode Island Red,Type A,20.892870505216575,2855.632967997718,6
260,48,Sussex,Type C,29.056931794240818,1424.7025151268383,3
261,34,Rhode Island Red,Type B,30.2988487023891,1487.437999750723,9
262,50,Sussex,Type A,21.717314570988577,3226.0237930483213,7
263,10,Leghorn,Type C,25.75758324567469,2874.944496130177,9
264,41,Rhode Island Red,Type A,26.84354763433313,3270.571221750807,6
265,28,Sussex,Type C,25.535795326413748,2896.788302909802,5
266,50,Plymouth Rock,Type B,21.815375007277897,2492.8882649757547,7
267,57,Sussex,Type A,26.28421685281213,2635.3318425696843,6
268,64,Plymouth Rock,Type C,31.267670717126272,3222.8198098500247,8
269,67,Plymouth Rock,Type A,21.06511496799883,2447.0168862798514,5
270,36,Leghorn,Type A,21.202700211228553,2580.9783108209685,8
271,37,Rhode Island Red,Type B,25.321569377539763,1391.1917900090016,6
272,71,Sussex,Type A,34.12588567428388,2184.8030502902566,4
273,22,Leghorn,Type C,30.02858970084371,2790.9927798952476,6
274,29,Sussex,Type C,30.180049350088474,1677.3567457909135,6
275,58,Plymouth Rock,Type C,25.428799862567974,1505.6354513113374,8
276,62,Rhode Island Red,Type C,28.904911868128075,1784.567020561039,13
277,71,Sussex,Type B,20.151967760416152,1603.7515699820838,6
278,50,Sussex,Type A,29.541440696143134,1537.2815925909895,8
279,28,Plymouth Rock,Type B,33.69930421364355,2062.1271071702176,5
280,36,Sussex,Type A,29.188602025172287,3269.5962847088354,4
281,51,Sussex,Type A,33.10547890199518,2267.6491168467956,5
282,27,Plymouth Rock,Type A,30.859595831991406,1469.8009520383075,1
283,70,Leghorn,Type B,21.808376246055353,1192.4291734521853,9
284,31,Plymouth Rock,Type A,33.53679960928763,2740.3903628448134,6
285,6,Leghorn,Type B,20.996657665336624,1956.9969110909697,6
286,21,Rhode Island Red,Type C,28.009512088216457,3054.577366463398,7
287,37,Leghorn,Type C,22.132056856901865,2648.7769216019256,1
288,13,Leghorn,Type A,20.17559916096356,2990.6036263534215,7
289,47,Rhode Island Red,Type B,26.330513901914586,1679.8650985461218,5
290,52,Leghorn,Type C,24.425610614812342,2730.8973061526453,11
291,43,Plymouth Rock,Type B,27.290007406964044,1660.154961734297,6
292,46,Leghorn,Type B,28.65799830101826,3347.671198625729,4
293,30,Rhode Island Red,Type A,20.65608608463421,2590.935703833436,5
294,54,Plymouth Rock,Type C,21.845049426856185,1811.2795004383552,8
295,29,Rhode Island Red,Type A,28.37963594675638,1673.7796557306815,4
296,28,Rhode Island Red,Type A,25.147510297589875,1477.3164626791088,3
297,17,Sussex,Type C,30.93760231324172,2736.602397234319,9
298,64,Sussex,Type C,29.784374728879094,1546.7890324948182,8
299,11,Rhode Island Red,Type B,32.6840654448486,2488.2581648187224,6
300,61,Rhode Island Red,Type C,30.38739240003838,1661.5875673133933,8
301,40,Rhode Island Red,Type B,26.448966160852223,2654.9223619846716,9
302,49,Sussex,Type B,30.09449933591649,3037.349321351348,7
303,24,Sussex,Type B,24.13071761383128,2945.063107861633,8
304,69,Leghorn,Type C,24.59470248167319,2902.1283273269546,6
305,12,Leghorn,Type A,31.8347773988119,1469.3060142306301,7
306,20,Rhode Island Red,Type B,26.696292746023733,1220.9623674612967,8
307,18,Plymouth Rock,Type A,31.975705107775287,2747.372071218464,3
308,19,Plymouth Rock,Type A,32.336335605024175,1920.8680344858783,4
309,70,Sussex,Type C,32.86343506491926,2080.865566008368,3
310,36,Sussex,Type A,33.74952853761811,1077.8727319834777,7
311,67,Sussex,Type A,26.464778307699444,1648.941123187623,4
312,55,Rhode Island Red,Type C,24.783002274817083,1084.19100968616,10
313,29,Plymouth Rock,Type B,28.73298119891171,3197.964431503119,8
314,62,Leghorn,Type A,25.567586351564415,1608.491708046326,5
315,67,Rhode Island Red,Type C,29.016112502003494,2393.34292393252,4
316,66,Leghorn,Type A,30.58378793965737,1097.448301652826,3
317,26,Leghorn,Type A,30.326075277382053,2667.118478264145,3
318,62,Rhode Island Red,Type B,25.61829330530182,1807.5683643852346,4
319,62,Leghorn,Type A,22.50290302548129,3244.7979673941645,4
320,53,Plymouth Rock,Type C,26.457940076933113,3220.2954723350895,5
321,56,Leghorn,Type A,22.13891216122863,1813.2265459043695,8
322,46,Plymouth Rock,Type B,33.351455527757125,3252.4022392261695,7
323,74,Plymouth Rock,Type B,25.188161911067862,3490.394183746947,5
324,19,Plymouth Rock,Type C,22.316896208349856,3063.53916030987,7
325,58,Sussex,Type B,20.381716398586263,3112.1783693880725,7
326,64,Leghorn,Type A,29.68733579429726,1622.5218402727248,5
327,12,Rhode Island Red,Type B,29.553534761821147,2441.7559971443907,8
328,57,Rhode Island Red,Type C,25.109062498719375,1168.1397849184195,8
329,64,Leghorn,Type B,21.075678332714766,1237.2948420541743,5
330,9,Sussex,Type B,26.14443342342848,3497.2315300832265,5
331,72,Sussex,Type B,24.668262425950903,1816.5981235647773,2
332,10,Plymouth Rock,Type C,30.15680959602514,2870.459780122116,6
333,51,Leghorn,Type B,29.086688741790354,3016.6626325670413,6
334,59,Leghorn,Type B,25.4689059229631,3145.058177518073,6
335,44,Rhode Island Red,Type A,23.26838831382485,3494.0707435053914,7
336,56,Leghorn,Type C,34.82053949233388,1603.7412131421697,5
337,20,Sussex,Type B,26.810024317941725,1100.8770671492493,10
338,17,Leghorn,Type C,30.324113536703557,2027.978794986465,2
339,34,Rhode Island Red,Type B,22.10829451367541,1325.2016745723674,0
340,23,Plymouth Rock,Type B,27.28384549489097,1056.0647229051378,6
341,21,Rhode Island Red,Type B,20.413050798041983,1901.0670678537153,4
342,67,Rhode Island Red,Type A,27.58182676865675,2959.345627688091,8
343,23,Plymouth Rock,Type A,34.460261106765536,2415.451728062677,6
344,62,Rhode Island Red,Type A,25.763100694787003,1781.9449730258852,7
345,59,Rhode Island Red,Type C,20.584940188623673,2635.8550137317993,4
346,66,Leghorn,Type C,20.46433686379015,1580.045450772027,6
347,27,Leghorn,Type A,25.819801399203044,1035.9536151802126,4
348,13,Plymouth Rock,Type C,22.40037404694791,2910.8834660910684,5
349,16,Leghorn,Type B,20.35028144492279,2559.357712160023,5
350,5,Leghorn,Type B,31.343204209252654,2905.7565612524,4
351,62,Rhode Island Red,Type B,26.877845133228362,1097.345041719164,3
352,5,Sussex,Type A,24.338671579589818,3092.7990695766307,4
353,38,Leghorn,Type C,33.50124774524721,2548.815500090758,10
354,52,Sussex,Type A,21.742084403007883,2408.4883767816004,7
355,5,Leghorn,Type C,34.33878243432979,2561.535120286329,5
356,20,Leghorn,Type B,24.70950076066029,3161.08311717091,4
357,65,Plymouth Rock,Type A,33.32605508463022,2467.3412663972676,6
358,68,Plymouth Rock,Type C,29.044143147191924,2452.3759497204483,6
359,67,Plymouth Rock,Type C,32.40061039612231,3476.6978926644147,9
360,73,Sussex,Type B,34.760197448156966,2891.82541767142,9
361,26,Rhode Island Red,Type A,24.326081567281186,2105.734513627838,7
362,71,Leghorn,Type A,34.41703228111389,2768.4925000823196,5
363,30,Leghorn,Type A,25.842228423536305,1973.076179229471,6
364,20,Leghorn,Type B,25.782678571053836,1572.1886562087475,7
365,55,Sussex,Type A,25.105806563817588,2492.1296922193987,4
366,61,Plymouth Rock,Type B,28.121114110213778,3320.455245284879,8
367,33,Rhode Island Red,Type B,22.312175647677307,3322.848800038657,9
368,73,Sussex,Type B,28.305672280370167,1854.7631952637257,6
369,51,Plymouth Rock,Type C,28.12557218615006,2319.1936655542377,5
370,66,Sussex,Type A,31.42852718907305,1529.089746424653,7
371,73,Rhode Island Red,Type A,32.504749429063786,3489.0777737472085,7
372,20,Plymouth Rock,Type B,26.606620254686362,3452.7947696698393,4
373,52,Sussex,Type B,24.534998740272407,2623.7723242686184,3
374,43,Rhode Island Red,Type A,23.890023459756417,3011.0351491936835,5
375,37,Leghorn,Type B,22.91935755057308,2787.75040320925,6
376,27,Rhode Island Red,Type A,20.864713732985372,2482.8955475986704,3
377,14,Leghorn,Type C,25.1367196825207,1133.3699924722441,6
378,73,Sussex,Type B,24.053715381961748,2136.9108563816526,5
379,38,Plymouth Rock,Type A,34.49626078799611,2686.9657554185264,6
380,56,Plymouth Rock,Type B,28.36563239375066,2693.8290347092116,6
381,14,Sussex,Type A,25.209155585457612,1932.806546055959,6
382,23,Plymouth Rock,Type A,28.70701401490544,3354.2299666450763,8
383,62,Plymouth Rock,Type B,22.087950520185434,1418.3925805919525,8
384,5,Leghorn,Type C,26.66065623803304,2250.8986155389016,8
385,73,Sussex,Type A,29.393514821315957,2727.209941377057,5
386,8,Rhode Island Red,Type A,27.33346747688677,2742.839514729523,7
387,20,Leghorn,Type A,26.026682009814863,2621.5973919220387,5
388,28,Sussex,Type C,34.907725833495476,1688.2205336296504,5
389,6,Leghorn,Type C,33.2047214322339,1390.516421716555,7
390,36,Rhode Island Red,Type B,29.351089372391602,2589.8508170667774,2
391,28,Rhode Island Red,Type C,28.54066041773424,2498.2552903485944,10
392,16,Sussex,Type B,29.30990719736876,1448.3900257231026,5
393,54,Rhode Island Red,Type B,23.0196816173365,2762.8478639264085,4
394,39,Leghorn,Type C,25.92706614896478,2137.929979334141,7
395,37,Rhode Island Red,Type B,20.59189299336349,2669.4014790078822,5
396,37,Leghorn,Type C,27.1331905623024,3093.4176994253767,4
397,65,Leghorn,Type B,28.14536875936495,1424.321071442308,7
398,55,Rhode Island Red,Type C,23.416246041548142,1047.8621699920916,9
399,47,Sussex,Type C,34.46043270748271,2947.756465989467,5
400,16,Plymouth Rock,Type B,33.64181916405863,2524.24356288154,4
401,71,Rhode Island Red,Type A,30.832148531838588,2749.0989240553045,8
402,69,Leghorn,Type B,28.000799431480438,3095.3874374716065,5
403,37,Leghorn,Type C,33.04953739471527,3007.0273370612513,4
404,44,Rhode Island Red,Type A,21.959785157351945,3402.3003673220614,3
405,47,Sussex,Type B,31.857646914123276,2339.8376971302955,2
406,48,Sussex,Type B,21.872312209502724,2221.2390816497636,9
407,33,Leghorn,Type B,31.91315993824108,2004.7179997268252,5
408,17,Leghorn,Type A,24.136513523770354,1384.2276071105114,5
409,16,Sussex,Type C,33.15635871527283,2431.518082205056,5
410,50,Plymouth Rock,Type B,34.16063140738097,1692.5313108149471,5
411,6,Rhode Island Red,Type B,22.231939541076734,3303.2687805324385,4
412,39,Leghorn,Type B,26.940134075980904,2457.977010692744,7
413,12,Leghorn,Type B,34.71481067244028,2482.1004512702757,4
414,30,Sussex,Type B,27.251111539597197,1887.311652192525,2
415,38,Rhode Island Red,Type C,32.953212837718176,1129.9733799442688,7
416,11,Sussex,Type C,28.830972831969795,1079.3594134324715,4
417,72,Rhode Island Red,Type B,25.629948618794028,2058.3378603829938,7
418,62,Rhode Island Red,Type A,24.286753332888054,1211.4134452430947,4
419,33,Rhode Island Red,Type C,23.04834636629131,2517.117388850348,10
420,40,Leghorn,Type A,31.42697287066546,3202.4325140991436,3
421,25,Plymouth Rock,Type C,25.798107602345418,3207.2870412968055,7
422,40,Sussex,Type B,27.66913193301127,2647.613525330581,4
423,14,Plymouth Rock,Type C,27.384882200017728,1528.0795786823276,5
424,28,Sussex,Type B,28.65918543849697,3157.49207839718,6
425,68,Rhode Island Red,Type C,32.98365718436828,3215.2335882830203,1
426,53,Leghorn,Type B,34.71109015375144,1491.6339623823967,5
427,40,Plymouth Rock,Type B,26.113763128607253,2843.5652144266933,8
428,28,Leghorn,Type B,32.412783831594545,1716.2988723178073,8
429,27,Sussex,Type B,31.467916919820766,3006.600780882324,7
430,66,Leghorn,Type A,28.602934271833597,3493.094749759007,8
431,41,Leghorn,Type B,34.340707154179,1075.065013323482,5
432,16,Plymouth Rock,Type A,23.00711773292604,3243.41466447733,5
433,59,Rhode Island Red,Type A,21.638963154644323,2556.576333996645,10
434,17,Leghorn,Type B,32.809429504331334,3433.456547912053,6
435,27,Rhode Island Red,Type A,26.587247249506223,2162.523793816069,6
436,34,Sussex,Type C,32.70453281310591,3118.4698264284343,7
437,21,Leghorn,Type B,33.396353077931224,1155.985171495693,3
438,66,Plymouth Rock,Type A,20.93686390428607,1838.1976251957394,11
439,17,Sussex,Type B,33.25197144479091,1167.5413443780249,9
440,63,Sussex,Type B,26.724785830541332,3438.357833697676,7
441,23,Plymouth Rock,Type B,27.65648733506348,3042.4347681795916,3
442,53,Leghorn,Type A,29.398887666398153,3131.3685531149263,7
443,16,Leghorn,Type C,33.8957391009513,3344.9130785847356,7
444,65,Sussex,Type C,20.28674141644646,1212.7587152994633,5
445,23,Leghorn,Type A,27.152652024767256,1963.9939812833334,4
446,13,Rhode Island Red,Type B,30.315830636458408,1177.5872226100053,8
447,32,Plymouth Rock,Type A,30.840604365473425,1526.9827538750715,5
448,56,Rhode Island Red,Type A,30.38798647305662,1573.4144425941809,2
449,20,Leghorn,Type A,22.01652694112183,2172.7680276189467,8
450,73,Sussex,Type B,24.49093382557522,1671.4054186341064,8
451,16,Plymouth Rock,Type A,25.380732881255202,1252.4452670444027,6
452,29,Leghorn,Type B,32.06655811519258,1418.7277227352693,6
453,56,Leghorn,Type A,24.181398086218294,1368.1889088802272,10
454,57,Sussex,Type C,23.160574458008046,3432.6919947807455,6
455,27,Sussex,Type A,34.361720285571444,2898.2312672961843,5
456,20,Rhode Island Red,Type A,20.132949276702032,3419.403663173905,3
457,61,Plymouth Rock,Type C,34.96731283522968,2099.3512162697716,7
458,43,Plymouth Rock,Type B,30.152319482860932,1695.9212041566416,2
459,57,Sussex,Type B,32.42703949173676,2995.7329930229666,7
460,46,Rhode Island Red,Type A,24.4192909451929,1815.634795102867,8
461,62,Plymouth Rock,Type C,20.2147291650059,1748.4584342633707,8
462,43,Sussex,Type B,31.06804277842295,1581.2649805195779,7
463,18,Leghorn,Type A,32.51216895501014,1324.1974455605884,3
464,9,Plymouth Rock,Type C,31.10714197930279,1641.157652541915,5
465,39,Rhode Island Red,Type B,22.14275430951258,1888.2993711847193,5
466,22,Rhode Island Red,Type B,31.301418833854534,2684.985520364326,5
467,13,Rhode Island Red,Type C,31.533841731614615,1156.412105548629,4
468,62,Leghorn,Type C,29.878107735050826,1526.2673491633573,4
469,21,Plymouth Rock,Type C,31.491738991933794,3022.559100729191,5
470,11,Plymouth Rock,Type C,32.68882159516598,1367.304808959427,5
471,50,Leghorn,Type A,29.204061713561877,1856.6128663063039,7
472,17,Plymouth Rock,Type C,21.329070709545185,3161.6473046453502,8
473,44,Leghorn,Type B,27.314417145008164,1387.3132778586066,3
474,46,Leghorn,Type B,21.164740020074078,1206.8420890454747,4
475,13,Leghorn,Type A,26.11314546548646,2211.344987700027,4
476,54,Rhode Island Red,Type B,26.106597336884413,1756.0487781963411,6
477,31,Plymouth Rock,Type B,20.990147662103624,2408.5209112096354,6
478,70,Leghorn,Type C,25.23230800954219,3009.512226208688,4
479,9,Plymouth Rock,Type B,21.664971481869724,1342.871220381858,5
480,33,Rhode Island Red,Type A,32.123528150138334,2451.747711385712,5
481,41,Leghorn,Type C,34.21532038946706,2263.7719009746597,6
482,42,Sussex,Type C,21.08474712886908,1360.1969650329988,6
483,12,Rhode Island Red,Type A,34.32672810937552,2559.996213822456,3
484,69,Sussex,Type C,27.838648990051176,1684.101044651929,11
485,21,Plymouth Rock,Type C,24.49348516930811,2219.585796360031,6
486,49,Plymouth Rock,Type A,21.152931129142452,1205.6808106926546,6
487,8,Rhode Island Red,Type C,27.509364021056268,2148.9601430340576,5
488,40,Plymouth Rock,Type A,31.91773316736123,1766.158670107051,8
489,74,Sussex,Type A,30.606297159000473,3055.953027963386,3
490,35,Leghorn,Type B,20.753390171959605,1142.4468174934207,6
491,23,Leghorn,Type B,21.093527530518553,2046.5181872958249,4
492,65,Leghorn,Type C,26.043099239489557,2146.078560328595,4
493,58,Rhode Island Red,Type C,24.42935741071915,2812.5151907477966,5
494,43,Plymouth Rock,Type A,23.485764845840716,2435.718937725527,5
495,23,Sussex,Type C,24.215067483630705,2668.0308429854526,9
496,43,Plymouth Rock,Type A,32.052241149453266,2942.6232141293904,5
497,71,Plymouth Rock,Type A,33.93842080447781,3155.507434145472,9
498,49,Plymouth Rock,Type C,26.076540417913495,1784.6887418061763,6
499,17,Leghorn,Type A,33.59166503198745,2345.0567634097574,9
500,62,Sussex,Type B,24.82243551871823,3100.270196098,10
501,24,Sussex,Type C,27.146554795156874,3473.627827412641,5
502,65,Plymouth Rock,Type B,23.390434967239997,3223.7982776094077,4
503,43,Leghorn,Type C,29.60714063263766,1928.668156560942,7
504,5,Leghorn,Type A,34.68471672762213,1487.916293046626,5
505,7,Sussex,Type C,29.052396440650682,2223.4813435164715,5
506,66,Leghorn,Type B,25.367211261703233,2854.103629590106,8
507,67,Leghorn,Type A,29.717261689857928,2231.422676883244,3
508,29,Leghorn,Type C,21.843810176980814,2207.952158284171,5
509,60,Rhode Island Red,Type C,33.329886203980976,3095.5760527045013,3
510,37,Plymouth Rock,Type C,27.546259261697546,1903.509447667966,9
511,42,Sussex,Type B,26.74024613059463,3149.486687029114,8
512,10,Sussex,Type B,28.78797182680279,2017.0120023793088,2
513,62,Rhode Island Red,Type C,29.371757941841036,1820.5827641958485,6
514,48,Plymouth Rock,Type A,21.076637093397697,2134.9747779992476,6
515,49,Sussex,Type A,30.239258318351034,2906.117396687171,8
516,36,Leghorn,Type B,23.628975204732946,1315.0050696599856,7
517,49,Sussex,Type A,30.709289487598845,1491.0480396800435,8
518,65,Leghorn,Type B,32.33802191576295,3378.61206415773,7
519,51,Rhode Island Red,Type C,32.05937761328781,1438.7290684533934,6
520,25,Leghorn,Type B,28.28751451111834,2419.3182948276362,6
521,40,Sussex,Type B,27.802548384661268,2448.2861666548447,10
522,23,Sussex,Type C,22.143139420091174,2224.061155125612,8
523,24,Sussex,Type A,31.63019225604703,2611.8631214420466,4
524,61,Rhode Island Red,Type B,24.071140706700717,1574.566814494046,7
525,22,Rhode Island Red,Type B,27.450431342269198,2381.6556694418705,10
526,51,Plymouth Rock,Type C,24.26411139391275,1930.4331381172428,6
527,53,Sussex,Type A,22.0074254449954,2654.1681490729725,2
528,18,Leghorn,Type B,29.443365453376046,1353.0588584328736,3
529,19,Rhode Island Red,Type C,20.814980522343557,2427.1935420986906,9
530,35,Sussex,Type B,31.229678511893,1463.1758884583091,3
531,5,Sussex,Type C,24.76380192891675,1696.607657787591,9
532,58,Rhode Island Red,Type A,20.00202039506728,1546.774500808958,2
533,7,Plymouth Rock,Type A,27.66693708855845,1457.0944496720426,6
534,20,Rhode Island Red,Type A,20.702778627914046,3064.2773789016674,4
535,61,Rhode Island Red,Type A,24.142543367313493,1714.2689191522259,6
536,16,Leghorn,Type B,30.60464731183574,3317.8094546611233,7
537,20,Leghorn,Type B,20.940344324327988,3424.8163133629773,3
538,28,Plymouth Rock,Type A,32.59007738534004,2428.1511748427433,8
539,32,Sussex,Type A,20.057298839878747,1357.502806664316,4
540,12,Rhode Island Red,Type A,23.702358038028535,1936.3706084489531,6
541,40,Plymouth Rock,Type B,31.11356084228107,2994.3306583705353,7
542,12,Leghorn,Type A,24.744052245939603,1918.4768217426763,4
543,62,Rhode Island Red,Type A,21.528385820990202,1217.5430457569719,4
544,64,Sussex,Type A,25.40350878200642,2391.96227732047,6
545,54,Leghorn,Type C,24.055899295767883,3112.802128740087,5
546,32,Leghorn,Type A,32.64067853240832,2989.8159678587563,5
547,45,Leghorn,Type C,24.700218763777148,1437.807850325883,5
548,68,Plymouth Rock,Type C,31.833987076640106,2681.911536031167,8
549,31,Sussex,Type A,33.37808217216102,1551.2606585891176,7
550,67,Rhode Island Red,Type C,26.507261293647943,1545.5188363804305,6
551,21,Plymouth Rock,Type A,33.64914715781588,3185.179433262963,10
552,37,Plymouth Rock,Type B,25.659770809447892,1624.1723818505752,5
553,33,Plymouth Rock,Type B,34.461176247351624,1658.118366295028,3
554,17,Leghorn,Type B,21.339342867883595,1001.6334769032488,4
555,50,Sussex,Type B,30.305288997548644,3176.672585313794,8
556,39,Plymouth Rock,Type C,27.40721060685393,2981.487033022837,5
557,10,Rhode Island Red,Type A,25.814732081834705,2568.322337726695,5
558,73,Sussex,Type A,29.490678181229015,2875.6644098471056,7
559,51,Rhode Island Red,Type A,30.55785637451497,1380.1214185612296,7
560,29,Sussex,Type B,20.065449044754637,2145.8089864689387,8
561,70,Rhode Island Red,Type B,22.504296331207982,1878.0484683719524,3
562,14,Leghorn,Type A,30.695690759514783,1234.4413156425412,7
563,60,Plymouth Rock,Type B,29.995781203673097,2215.3262130373105,4
564,34,Rhode Island Red,Type A,34.49071257693016,3301.8491258565887,4
565,9,Sussex,Type A,31.415566853761746,1100.1477976267363,6
566,37,Plymouth Rock,Type A,34.26159061597007,1728.6522837344846,3
567,69,Plymouth Rock,Type A,30.538107523022106,1518.8523405142587,6
568,22,Sussex,Type A,24.47078312959165,1595.3666341642408,10
569,53,Rhode Island Red,Type A,21.58047383376285,3271.086379698438,6
570,15,Leghorn,Type A,31.72735795017403,2170.1726355857254,7
571,30,Leghorn,Type B,29.66223832213874,2165.748532349547,5
572,67,Rhode Island Red,Type A,20.722790185899445,2901.4391061382057,7
573,63,Plymouth Rock,Type A,25.400756988514676,1386.2305100123144,6
574,31,Plymouth Rock,Type B,34.351997232264296,2218.1633852501272,6
575,53,Plymouth Rock,Type B,27.50601718565302,2074.9630353026496,6
576,37,Plymouth Rock,Type B,26.49093704029557,2492.27672636664,6
577,5,Rhode Island Red,Type A,26.86549407738941,3498.8942581260962,5
578,25,Plymouth Rock,Type C,23.133240860077457,2923.6222352051177,4
579,59,Sussex,Type C,25.53060756297193,1994.664257543568,4
580,10,Plymouth Rock,Type B,25.54719883980765,3068.8826306851174,9
581,73,Leghorn,Type C,20.785325302812087,1426.7709082812005,5
582,9,Plymouth Rock,Type B,31.513514427768776,1076.1592157724003,6
583,7,Rhode Island Red,Type A,26.247566478558184,1511.1209311606826,3
584,57,Leghorn,Type C,32.33269830224635,1851.0288902856491,9
585,27,Rhode Island Red,Type A,32.75522001679843,2276.4518936488994,7
586,57,Rhode Island Red,Type C,23.179910820479872,2537.8228513529994,6
587,41,Leghorn,Type A,29.86030223255193,3276.5142930360544,5
588,21,Rhode Island Red,Type C,27.084227062444725,2274.6350238761443,8
589,5,Rhode Island Red,Type A,33.202351068822274,2253.1891115643234,8
590,55,Plymouth Rock,Type A,23.236110187646812,1125.6075245574552,6
591,49,Sussex,Type C,30.167198004650665,1087.2788816405596,2
592,8,Rhode Island Red,Type A,29.116281833790836,2377.89990479093,6
593,66,Rhode Island Red,Type A,24.42952216357749,2095.446533120861,5
594,69,Rhode Island Red,Type A,22.04901355476759,3097.9509874507467,7
595,36,Plymouth Rock,Type C,29.774596407159148,1401.698961779613,10
596,38,Sussex,Type C,31.07896187198496,1062.429155292624,8
597,43,Leghorn,Type A,24.73441015645025,2122.5969198253147,3
598,30,Plymouth Rock,Type A,29.672489060334705,1593.6963918806437,5
599,38,Plymouth Rock,Type C,25.92696361417255,1124.0359333470935,7
600,58,Sussex,Type C,30.698103249239267,2811.4957171190727,5
601,7,Sussex,Type A,22.988229123410797,1278.9824998931188,6
602,54,Plymouth Rock,Type A,33.353225039542615,2520.7987500194295,10
603,16,Leghorn,Type A,24.311143946983698,1702.6243754172228,9
604,69,Plymouth Rock,Type B,25.516789816342293,1433.740125887555,7
605,58,Sussex,Type C,20.871379281205247,1949.3788072982936,6
606,9,Leghorn,Type B,21.672683184819146,3003.614440557384,10
607,61,Sussex,Type C,27.737928540684923,1980.2339422614318,5
608,21,Leghorn,Type C,24.013890150919572,2876.9241230276393,6
609,51,Rhode Island Red,Type C,32.53220338613291,1313.7157419978766,5
610,27,Sussex,Type C,20.220400829824307,2931.928549162698,7
611,18,Sussex,Type C,25.686410730079043,1592.3333122666218,4
612,70,Plymouth Rock,Type C,25.06018320153639,2693.482824722182,4
613,55,Sussex,Type C,20.289914463764017,2414.4538871024906,5
614,42,Sussex,Type B,21.865525985007654,3322.8617930292185,4
615,68,Rhode Island Red,Type A,26.20464012377953,1968.3062949382852,6
616,42,Sussex,Type A,27.3929687667117,1165.412972086101,6
617,54,Rhode Island Red,Type B,26.064346208823036,1047.8887138781322,8
618,34,Rhode Island Red,Type B,27.964065176181407,3067.146402431883,7
619,55,Rhode Island Red,Type B,28.926975123585223,2311.8390941535804,6
620,67,Rhode Island Red,Type B,20.148857316917535,2938.110129587373,4
621,56,Leghorn,Type C,26.96142739180256,1586.0640000287867,7
622,42,Plymouth Rock,Type A,34.452488613313825,1862.7093637830844,4
623,34,Leghorn,Type C,27.78548420194323,1075.2596805282974,5
624,55,Sussex,Type A,30.163134011884296,3403.7308114352804,6
625,9,Leghorn,Type A,24.677957868753246,2669.669766752034,5
626,33,Leghorn,Type B,31.609870672291436,3333.0127193982657,3
627,8,Sussex,Type C,31.593822228141725,1663.7410185726808,4
628,14,Sussex,Type B,27.819440714812085,2528.659028064152,3
629,60,Sussex,Type C,34.6402073491882,2696.2499207315946,7
630,21,Leghorn,Type A,21.8832532214398,1793.8742506439712,7
631,21,Leghorn,Type B,20.254214973343714,3120.2730875390753,5
632,73,Sussex,Type B,31.55237317635644,3367.9036572506197,7
633,38,Plymouth Rock,Type A,32.10733306047324,3212.137794240011,6
634,10,Plymouth Rock,Type A,21.803108436808643,2847.667439848431,7
635,57,Rhode Island Red,Type A,23.98374249437909,1693.661699312385,6
636,70,Sussex,Type B,20.263285450499435,1704.0401052640793,4
637,47,Rhode Island Red,Type C,24.39962916170847,3408.400801115095,2
638,27,Plymouth Rock,Type B,31.597128108780073,1025.71123983923,5
639,59,Rhode Island Red,Type C,27.769407915688685,2790.1249331053614,3
640,20,Sussex,Type B,25.22143389752432,2765.6154063881554,9
641,12,Sussex,Type B,25.576089423594954,2556.7238523744936,4
642,8,Sussex,Type A,20.02030438573202,3475.2721152171644,6
643,8,Leghorn,Type C,24.497007913478537,1779.6985894093132,8
644,60,Rhode Island Red,Type B,29.696881124568957,1849.9296594831203,6
645,29,Plymouth Rock,Type B,34.61291665724536,1197.348507366389,9
646,71,Plymouth Rock,Type A,32.70591240475849,2106.995341359344,3
647,71,Plymouth Rock,Type A,20.353924469682937,1652.62131558712,4
648,31,Leghorn,Type C,33.47840907012259,1858.4667554441105,6
649,36,Leghorn,Type B,31.74797619947939,3086.429475639069,11
650,54,Sussex,Type C,31.705641853564707,3338.7112838187395,4
651,65,Plymouth Rock,Type B,26.86993638505357,1464.3326800129641,6
652,55,Leghorn,Type C,25.970079394317544,1931.2723288836646,7
653,23,Sussex,Type A,24.54373593249789,3321.576405288485,8
654,25,Plymouth Rock,Type B,20.985422884315486,1154.5211517230566,4
655,9,Rhode Island Red,Type C,23.423530452405487,1230.9013202784463,4
656,46,Sussex,Type A,23.69905452467037,1406.9774730155734,6
657,65,Leghorn,Type A,27.261156045653024,2488.032085317187,9
658,26,Leghorn,Type C,31.21166609895041,1376.1806775149937,8
659,25,Sussex,Type B,27.1071474259692,3420.1909536268336,8
660,74,Sussex,Type B,20.86766674170741,2116.786318146301,4
661,5,Leghorn,Type A,34.36684701482306,2253.794900875416,8
662,9,Rhode Island Red,Type B,34.14086478641168,1616.6465395135162,4
663,16,Plymouth Rock,Type B,31.777843147226125,2177.4006310868335,10
664,50,Rhode Island Red,Type B,34.86991852346331,2654.7840815925288,5
665,38,Sussex,Type A,28.167234992003944,2877.942842385107,6
666,53,Rhode Island Red,Type C,34.44152525379809,2884.670206774783,5
667,49,Leghorn,Type B,21.134075609251262,2444.7277817352206,7
668,31,Sussex,Type A,25.48521122392057,3260.899437484643,4
669,30,Plymouth Rock,Type A,23.380719020101488,3043.5196182652735,3
670,51,Leghorn,Type C,22.93749626201405,2892.6202867465636,9
671,60,Leghorn,Type B,22.11204423339014,1139.0138042011515,5
672,67,Plymouth Rock,Type B,29.336204623489948,1017.1949055491233,7
673,52,Plymouth Rock,Type C,31.719827836209575,1531.1181929886825,8
674,65,Rhode Island Red,Type C,28.67447599130541,2658.808984783631,3
675,30,Sussex,Type A,22.204440643823144,2027.9937222063645,8
676,40,Plymouth Rock,Type A,32.16685654900206,2006.0156482482794,6
677,5,Plymouth Rock,Type C,29.539320607455927,3211.4672205740344,5
678,12,Sussex,Type B,25.822485591904933,3238.9071203295966,8
679,56,Plymouth Rock,Type A,30.111954433040943,3272.938160133964,6
680,51,Plymouth Rock,Type A,23.898574688642494,1784.6951912875684,6
681,60,Rhode Island Red,Type B,25.177883127413157,2727.6395318481545,0
682,18,Leghorn,Type A,33.76228764697986,1679.082953185924,7
683,32,Leghorn,Type B,24.357567585071305,1476.5245826861244,5
684,6,Leghorn,Type B,27.049824022369048,1461.581143368423,7
685,30,Leghorn,Type B,33.352117060940216,1855.2690521589852,6
686,18,Plymouth Rock,Type C,30.61582025401291,2074.8940494495546,8
687,63,Sussex,Type C,20.933048392470543,3077.3729276376707,5
688,60,Sussex,Type C,22.209545664184557,1299.7277336817801,6
689,11,Rhode Island Red,Type B,20.117623861578753,2837.3146184872357,4
690,7,Rhode Island Red,Type B,29.463826853437453,2328.6372854732635,3
691,27,Plymouth Rock,Type C,26.715101381156273,1719.8633566899812,4
692,22,Sussex,Type A,22.014122763534132,2232.0489613320615,6
693,42,Sussex,Type B,34.36901181585156,1749.8551744425567,7
694,19,Leghorn,Type A,27.9448958591843,2490.204888095765,6
695,68,Plymouth Rock,Type A,23.628399411693337,2084.60980713811,5
696,32,Plymouth Rock,Type B,27.509053567320613,1411.0138226971967,4
697,43,Leghorn,Type B,30.194304991026616,1291.4576863892419,4
698,61,Plymouth Rock,Type A,21.143588269603466,2366.7392051803254,6
699,21,Plymouth Rock,Type A,24.12055722571838,3256.0325832152585,6
700,48,Rhode Island Red,Type C,32.104482363259905,1859.8942163942138,6
701,29,Sussex,Type C,26.89497305603992,2832.500268056558,7
702,21,Plymouth Rock,Type B,28.198657130484424,2646.6533873494172,6
703,17,Rhode Island Red,Type C,26.49224003314204,3328.8872857737024,10
704,29,Sussex,Type C,20.658499139645077,3052.452543247852,7
705,72,Leghorn,Type C,22.486246697302338,2416.5131472636576,4
706,14,Rhode Island Red,Type C,26.683124581128364,2642.576245585268,4
707,71,Rhode Island Red,Type A,23.137781981118916,3245.966166460087,6
708,22,Sussex,Type B,20.74968542989518,1998.796961467337,7
709,38,Leghorn,Type C,32.65474496077736,1816.9867646444434,9
710,12,Rhode Island Red,Type A,34.71788793746174,1027.0277090879908,5
711,44,Plymouth Rock,Type A,31.89714310995109,3066.3776854786606,5
712,46,Plymouth Rock,Type A,32.806773825570005,3002.4517510084124,6
713,45,Plymouth Rock,Type C,23.62965695475568,1261.1362952503785,5
714,10,Leghorn,Type C,34.409404632698,2442.1434528317504,5
715,56,Rhode Island Red,Type B,22.953885566801425,2159.9542454172188,7
716,30,Plymouth Rock,Type C,34.27144715542748,1296.7727387727787,5
717,68,Leghorn,Type C,34.92228940948927,3451.420567651809,8
718,63,Plymouth Rock,Type A,30.67584208619073,1536.7397186583885,10
719,60,Sussex,Type B,34.71715597687733,1168.0854502264028,7
720,63,Rhode Island Red,Type C,28.543096693506556,2487.118448754774,5
721,74,Rhode Island Red,Type C,23.893126747641354,2847.1666928325817,5
722,37,Leghorn,Type A,26.554938284984313,1081.1086151179675,5
723,57,Leghorn,Type A,28.903414030681787,2646.7940968175553,6
724,26,Rhode Island Red,Type C,21.096223430405225,2330.7296898786362,6
725,25,Plymouth Rock,Type B,29.33514896925869,1258.162522187621,4
726,74,Plymouth Rock,Type B,34.71766755143442,1431.3096923659052,8
727,74,Sussex,Type A,22.851614746755914,2419.9357432902016,4
728,8,Plymouth Rock,Type A,31.88892674432575,1740.894033783221,13
729,66,Leghorn,Type C,33.61848190669429,3345.78932162829,2
730,66,Leghorn,Type A,34.155523892303314,3046.850573710127,6
731,28,Plymouth Rock,Type C,34.40203406608171,3458.9180162841576,2
732,59,Leghorn,Type B,27.82189458082208,1649.177097376035,7
733,13,Rhode Island Red,Type B,34.65961861987255,3424.3090819949425,2
734,7,Rhode Island Red,Type C,31.359653107016584,2078.0846744788946,6
735,35,Plymouth Rock,Type A,22.425071543554427,1868.7969882843865,3
736,44,Rhode Island Red,Type B,27.15350159701955,1125.8738174233831,3
737,40,Rhode Island Red,Type A,30.774967630580058,1131.9131446490064,7
738,28,Sussex,Type B,23.71010473728625,2730.0281398666366,6
739,10,Sussex,Type C,29.609227753233313,2144.8224860850696,7
740,70,Rhode Island Red,Type C,29.999007185699288,1566.3040650902644,11
741,8,Plymouth Rock,Type C,22.44049615712849,2534.925765813082,4
742,10,Sussex,Type B,28.476279686791344,1632.1452956252779,4
743,55,Leghorn,Type A,31.574403664679117,2444.079385861057,6
744,66,Leghorn,Type A,27.483434968039127,1898.0218674567259,7
745,61,Leghorn,Type A,20.181546751641612,3058.8805665295477,5
746,70,Plymouth Rock,Type B,20.13557703618938,3051.7404019169485,9
747,12,Rhode Island Red,Type B,25.355440159550184,2193.3759953060035,5
748,30,Leghorn,Type B,33.89291102647673,1877.047773337539,1
749,55,Plymouth Rock,Type B,23.430151694054132,1906.3994913977363,9
750,49,Sussex,Type B,29.51545533307531,3014.2863141705448,8
751,48,Rhode Island Red,Type A,23.33113806039981,1820.44870699403,2
752,9,Sussex,Type B,24.82504984489323,1522.6484342671151,5
753,74,Plymouth Rock,Type B,32.72063134402226,1211.720854688267,8
754,30,Leghorn,Type A,30.9329216340492,2166.732802211021,11
755,72,Leghorn,Type B,21.43098915969816,2205.3302472996047,3
756,23,Plymouth Rock,Type A,26.430530314796506,3102.271776007268,4
757,24,Leghorn,Type A,20.437546454678966,1553.09674111516,10
758,16,Rhode Island Red,Type C,27.213352199045133,1952.4781841709996,5
759,51,Plymouth Rock,Type C,29.93651017551602,3021.0143472342274,6
760,5,Sussex,Type C,21.777539353972273,3059.0590268724336,4
761,18,Plymouth Rock,Type C,24.333274083637484,1961.5276899469204,9
762,68,Rhode Island Red,Type B,25.967549382532354,2147.810058216702,10
763,42,Rhode Island Red,Type C,33.79296536984074,1758.2147271232075,8
764,41,Plymouth Rock,Type A,34.89882523134446,3331.38719604828,6
765,15,Plymouth Rock,Type B,20.673669484934237,1296.6094143539508,4
766,7,Leghorn,Type C,31.41511885243088,3334.373557503675,5
767,37,Rhode Island Red,Type A,25.575860996035146,2709.6661295883578,8
768,10,Plymouth Rock,Type B,25.8868727934422,2328.930381716828,2
769,54,Plymouth Rock,Type B,31.31397460020534,1081.6476519612397,8
770,14,Rhode Island Red,Type C,33.77639648218113,2188.990479555021,7
771,9,Plymouth Rock,Type B,34.26392891753822,2019.3702625068308,6
772,27,Leghorn,Type A,28.65683879057481,1403.0470299378064,4
773,14,Rhode Island Red,Type B,25.35681738950754,2641.024008751642,2
774,48,Leghorn,Type A,31.813236287881686,3427.8772684207147,5
775,6,Leghorn,Type B,23.765020748934504,2405.4720276613125,5
776,17,Leghorn,Type C,28.461110432502764,2786.8831911098646,5
777,44,Leghorn,Type A,25.378676922873098,1171.126131415042,2
778,6,Rhode Island Red,Type B,29.84946610561814,2044.167489542487,5
779,69,Leghorn,Type B,23.605983693402603,1290.8962129112397,6
780,67,Leghorn,Type B,22.873894186022387,2531.9895888412757,2
781,21,Plymouth Rock,Type A,33.773586300131555,3346.2053955353863,10
782,13,Rhode Island Red,Type A,21.527055244243055,2654.4443311790965,5
783,19,Rhode Island Red,Type A,27.589368616023975,1192.0076207860538,12
784,28,Sussex,Type C,23.312791744445136,1886.665512462707,6
785,42,Rhode Island Red,Type C,20.58394944988501,2376.658448602129,4
786,39,Rhode Island Red,Type A,20.540282274371396,2008.0193903331306,7
787,53,Sussex,Type B,22.62832658158741,3084.110026187931,6
788,73,Rhode Island Red,Type C,33.001555317590004,3036.677511774973,5
789,66,Rhode Island Red,Type A,24.2371811596554,2529.5775502580536,3
790,64,Rhode Island Red,Type B,34.25688755862944,1933.644862831763,5
791,54,Rhode Island Red,Type C,28.724334394837904,1638.3409344081103,5
792,13,Sussex,Type B,26.54921284653149,1264.6857955328232,4
793,38,Rhode Island Red,Type B,28.701332520041817,1887.244208716385,4
794,39,Rhode Island Red,Type B,27.750475778394016,2032.931293019299,4
795,5,Sussex,Type B,31.381643806359875,2689.557312760184,6
796,44,Plymouth Rock,Type C,24.237440989592784,2645.3995607439338,6
797,68,Leghorn,Type C,25.295755874004534,1175.2703491031423,7
798,26,Plymouth Rock,Type C,33.41141453799876,1988.1482885778944,5
799,64,Sussex,Type A,34.19684769725608,1454.4471680434049,4
800,68,Leghorn,Type C,33.38837341229711,1392.0317632920141,7
801,15,Sussex,Type B,26.291719909359703,3068.255374343115,4
802,18,Sussex,Type C,31.705482545103223,1104.7880417906438,6
803,64,Rhode Island Red,Type B,27.14503599951648,2047.9571897553033,4
804,34,Leghorn,Type A,27.463097782191532,1420.5091394162955,7
805,39,Rhode Island Red,Type B,23.07020163585926,3198.325539196185,6
806,41,Leghorn,Type B,28.866954548877747,2392.601283187588,4
807,9,Sussex,Type B,22.79203846630022,1578.4515909421202,7
808,30,Sussex,Type A,24.973470486007905,2256.068217915941,3
809,66,Plymouth Rock,Type C,32.82545302429902,2828.7158992577897,5
810,8,Leghorn,Type C,23.10613713816283,3395.2950222985846,8
811,46,Rhode Island Red,Type A,21.06737427760149,1551.1150106135474,6
812,22,Plymouth Rock,Type B,21.035113889192246,3215.454430323363,1
813,44,Plymouth Rock,Type C,34.11176780754662,3335.7602854187257,3
814,43,Plymouth Rock,Type A,27.60380656942752,3291.0513613301655,5
815,18,Rhode Island Red,Type C,26.141181077255276,2588.5358921547745,8
816,36,Plymouth Rock,Type A,32.163178715118775,2574.551636086769,6
817,55,Rhode Island Red,Type B,32.53738891865774,2008.026582959557,5
818,42,Plymouth Rock,Type C,24.98286549673407,2880.99470575947,14
819,27,Rhode Island Red,Type A,30.404270862106927,2328.23504587733,7
820,67,Sussex,Type C,31.5668422377783,2693.5951780707364,4
821,19,Sussex,Type C,29.819760302989316,2071.1447596219887,6
822,29,Sussex,Type C,22.27392612200149,2828.7411601078475,7
823,21,Sussex,Type C,33.138246252755856,3061.1787940113727,7
824,70,Sussex,Type A,28.086418291040133,1366.0906415070403,9
825,57,Plymouth Rock,Type B,24.237086395550055,3082.32428893557,9
826,55,Plymouth Rock,Type A,26.37842278156541,2350.741329475768,3
827,43,Plymouth Rock,Type A,20.56356635598361,3111.664772725561,7
828,55,Rhode Island Red,Type A,21.918002018336264,2078.2542658525363,4
829,74,Rhode Island Red,Type B,31.48320125773791,1947.6012134575876,9
830,10,Rhode Island Red,Type C,20.000174521330493,3287.651831293056,4
831,71,Rhode Island Red,Type C,26.248487427234384,1627.9231688710033,8
832,11,Sussex,Type C,27.837652716283827,3110.5308132153577,6
833,55,Sussex,Type B,20.819516300014584,2210.0514312735104,10
834,46,Sussex,Type C,34.596172444584994,2285.2386063781496,7
835,68,Leghorn,Type B,23.39187996874508,1771.1707037237102,2
836,19,Plymouth Rock,Type C,24.562980794544213,2432.6055015475395,3
837,33,Rhode Island Red,Type C,24.559137683825412,1813.0279906905284,3
838,37,Rhode Island Red,Type A,23.456249931760247,1098.1735356041308,8
839,31,Sussex,Type B,20.02210733129467,1679.9965133608903,9
840,40,Rhode Island Red,Type A,30.940171911319943,1015.9476085164767,6
841,33,Rhode Island Red,Type A,34.50268249698928,3445.8869676421414,5
842,42,Plymouth Rock,Type A,23.364402249275678,3414.368024549369,7
843,61,Sussex,Type B,29.945707877051337,1987.8882436807626,8
844,31,Plymouth Rock,Type B,31.12844490438073,2820.927135849115,9
845,59,Leghorn,Type C,32.72638068635787,1864.5152460260624,7
846,37,Leghorn,Type A,26.339437955204136,2677.73289271494,6
847,72,Leghorn,Type C,24.543963584606438,3013.5751076149477,5
848,70,Sussex,Type A,24.879427010345466,3366.890611730602,4
849,14,Rhode Island Red,Type B,30.689319996477693,2000.53068962418,5
850,9,Sussex,Type B,32.251691997584544,2958.2449573901195,7
851,42,Sussex,Type B,22.724209516349042,1664.821126580297,8
852,17,Rhode Island Red,Type A,25.564115122366477,3475.830759484121,11
853,35,Plymouth Rock,Type B,33.52910295123725,1064.4239969108778,9
854,51,Leghorn,Type A,32.10040279542109,2508.8220162528023,8
855,56,Plymouth Rock,Type C,34.77287604143714,2648.764954128318,8
856,60,Leghorn,Type A,31.313723895231213,2720.113892685322,5
857,19,Sussex,Type C,25.897928015418834,1300.9689469727225,10
858,33,Leghorn,Type A,28.859567509919565,3346.324458682826,7
859,12,Sussex,Type C,29.915213813709805,1452.958197625207,3
860,9,Plymouth Rock,Type B,21.17683724475686,2556.8835080996028,4
861,33,Sussex,Type C,28.167454386557978,1556.6901978077124,1
862,51,Plymouth Rock,Type B,30.639812427089144,1768.0410425531772,8
863,72,Rhode Island Red,Type B,22.509819560015906,2366.146354320311,1
864,49,Rhode Island Red,Type C,31.70947576138336,2042.9835464114412,8
865,6,Rhode Island Red,Type A,28.756591707711674,1400.5640024412658,11
866,31,Sussex,Type A,34.28332678546392,1427.3410060521207,7
867,40,Rhode Island Red,Type A,20.636334473103375,2045.361970406999,4
868,40,Leghorn,Type A,23.979892063332006,2893.207445688752,4
869,30,Plymouth Rock,Type A,29.02330818949736,3244.9116171194714,9
870,47,Plymouth Rock,Type B,24.44839868308896,1210.3191556484571,5
871,31,Leghorn,Type A,30.716362461068634,1982.7597688985027,5
872,73,Sussex,Type B,31.385079237828965,1250.6139093071915,6
873,24,Sussex,Type B,21.537739460997116,1041.4812015814948,3
874,15,Plymouth Rock,Type B,27.707816963101514,2654.2967066098918,4
875,42,Rhode Island Red,Type C,27.63335833386584,2506.1236049164695,7
876,10,Sussex,Type C,25.539211553233116,1407.5477845372156,4
877,27,Sussex,Type B,33.99387293854508,1584.5320827326602,8
878,51,Leghorn,Type C,32.41259479809832,1059.269384111296,4
879,50,Leghorn,Type A,30.45814072864455,3087.3680142360095,10
880,16,Rhode Island Red,Type A,30.714899536024966,3436.7264901213784,11
881,17,Sussex,Type B,26.925742157196787,1338.648841986727,6
882,66,Sussex,Type A,33.81491781644864,1578.6880344132453,6
883,64,Leghorn,Type B,30.41893140879928,3171.0238098673353,4
884,47,Sussex,Type B,30.93471592483725,3316.159494890462,10
885,72,Plymouth Rock,Type A,32.92536355681018,2049.068457017026,10
886,9,Leghorn,Type C,24.111073840132864,1126.5561806726853,7
887,41,Rhode Island Red,Type A,32.10606355800054,1098.4795842320484,7
888,35,Leghorn,Type A,22.928609044347382,2434.874665172526,4
889,13,Sussex,Type B,25.180129283673317,1982.2377722329475,8
890,55,Rhode Island Red,Type B,25.03415681404764,1071.6310689441364,9
891,33,Leghorn,Type B,34.67788202583711,2458.130980781392,3
892,44,Plymouth Rock,Type B,32.8480583562189,1028.2563414725562,6
893,45,Plymouth Rock,Type C,30.517547923853897,2968.4298953731823,8
894,15,Leghorn,Type C,30.905851424230853,1766.082056758429,7
895,27,Plymouth Rock,Type C,28.431091916038568,1100.6450075230803,1
896,5,Plymouth Rock,Type B,34.20636000662779,2470.8805524578834,4
897,50,Plymouth Rock,Type B,27.44388129323542,1994.2110360826368,5
898,25,Rhode Island Red,Type B,25.70776564804842,3434.501033392874,4
899,40,Plymouth Rock,Type C,22.445530053973865,2360.4966562592554,4
900,58,Plymouth Rock,Type B,31.79308478391587,1688.0979525925209,7
901,61,Plymouth Rock,Type A,31.016658981133872,2773.5971615849367,9
902,5,Rhode Island Red,Type A,25.765325577862022,1678.7300063567782,5
903,67,Leghorn,Type B,20.37790120938844,3260.6082285189127,5
904,58,Sussex,Type A,32.58495991577016,1936.8049262684412,5
905,59,Plymouth Rock,Type A,20.171269751811103,2374.671406940513,6
906,44,Leghorn,Type C,30.555496694435764,1126.432759560572,6
907,19,Plymouth Rock,Type B,34.55385664589085,2065.303094880577,5
908,25,Rhode Island Red,Type B,26.56491992222305,3080.9088491524876,11
909,51,Leghorn,Type C,23.52460107493929,3014.122013408355,6
910,57,Rhode Island Red,Type A,30.573065150650727,1560.7963971338156,7
911,13,Plymouth Rock,Type A,32.256922130233775,1565.1976775264066,4
912,56,Plymouth Rock,Type B,28.19645474116771,3043.2632805330923,4
913,61,Rhode Island Red,Type A,34.50552912884219,3325.9960504233136,7
914,30,Sussex,Type C,20.775030824869418,1238.4023031825088,7
915,45,Rhode Island Red,Type C,27.571933974567923,2125.146598565563,6
916,39,Plymouth Rock,Type B,30.77680920983825,1843.6356974105724,8
917,67,Rhode Island Red,Type C,32.93960706723769,3176.7211386435984,7
918,29,Sussex,Type C,22.68883417861685,1208.812286700047,4
919,42,Rhode Island Red,Type B,32.000052226455225,1527.8148563950936,7
920,6,Sussex,Type C,28.290606135778177,2881.170843966236,4
921,11,Sussex,Type C,25.94830522984945,1128.234622453039,4
922,38,Rhode Island Red,Type C,21.975725428686403,2231.338451785723,3
923,21,Rhode Island Red,Type A,32.97943638363368,2105.2675866993,9
924,47,Leghorn,Type B,22.35909812269573,1836.0029474718717,5
925,63,Plymouth Rock,Type B,24.64681788813649,1986.4307882973094,8
926,55,Sussex,Type B,24.350682979436552,2324.8514673255822,3
927,58,Leghorn,Type A,33.07121051286281,1403.4183959709578,5
928,28,Rhode Island Red,Type A,30.09054491313347,2429.9896957089823,4
929,29,Plymouth Rock,Type B,31.950220957870584,3013.5808232499658,9
930,56,Leghorn,Type A,23.757018481887485,2900.4023244753976,7
931,74,Sussex,Type B,29.373111494104982,1384.7497617344343,3
932,37,Leghorn,Type A,28.576189747156228,1373.1236743536847,2
933,53,Sussex,Type C,32.492455651824066,1670.4359193622834,8
934,33,Rhode Island Red,Type C,33.59130590721891,1902.686815852593,9
935,67,Plymouth Rock,Type B,20.1823515721608,2021.1389535212065,5
936,26,Plymouth Rock,Type A,30.110298785881888,2699.2430420833634,5
937,30,Plymouth Rock,Type A,20.777536986795937,1141.7010804145884,5
938,32,Rhode Island Red,Type C,28.23287997616034,1086.6817605651659,5
939,53,Sussex,Type C,24.314490935655172,1979.7764073597725,6
940,53,Rhode Island Red,Type A,24.601648992832118,2742.909230344951,6
941,24,Plymouth Rock,Type A,25.29437755178535,1483.5883573912065,5
942,67,Rhode Island Red,Type A,29.319386735744153,2603.7612031406293,6
943,65,Rhode Island Red,Type A,25.01074948503154,1649.5703448507488,3
944,53,Rhode Island Red,Type A,30.990485758854206,3215.215272033791,6
945,5,Sussex,Type A,26.067910783608045,3239.224860666541,5
946,17,Leghorn,Type B,21.02529800464938,1743.2180107033162,4
947,55,Leghorn,Type A,31.756397637261607,1574.9843849081012,7
948,60,Rhode Island Red,Type C,24.28637486889059,2028.2599301655782,7
949,66,Leghorn,Type B,26.49150319398894,1601.3289629503718,10
950,36,Leghorn,Type A,30.281658248328522,2680.959608229259,2
951,34,Rhode Island Red,Type C,24.986842357230678,3065.161711370714,5
952,33,Rhode Island Red,Type B,20.848784842200736,2682.7303272780428,5
953,53,Plymouth Rock,Type C,25.608815705192203,3060.8761181233735,6
954,49,Leghorn,Type A,34.166728740414555,1992.4804055186853,4
955,34,Sussex,Type A,29.626015959478373,1390.792426772152,7
956,20,Rhode Island Red,Type A,30.072187230008105,2844.8773684939806,3
957,44,Plymouth Rock,Type A,29.4842323045646,1901.1862628538847,4
958,23,Sussex,Type B,22.98488208439155,2678.1770630728315,4
959,22,Leghorn,Type B,26.2750079615342,1676.609854954414,6
960,5,Plymouth Rock,Type C,31.264096975449775,1203.0740870166817,6
961,51,Rhode Island Red,Type A,21.520593463297388,3481.4544887194083,11
962,70,Sussex,Type C,24.167791641345683,1390.5037698264982,6
963,42,Rhode Island Red,Type B,24.144786626987802,3471.052484908703,8
964,55,Leghorn,Type A,26.48028391391759,3443.1998314161183,4
965,67,Sussex,Type A,34.705531114132775,2984.545259770099,2
966,8,Leghorn,Type B,21.012538200257328,2648.557405204994,10
967,5,Leghorn,Type B,27.780514915708928,2444.517625627712,9
968,12,Plymouth Rock,Type B,22.690470230183156,3165.253863444587,10
969,33,Rhode Island Red,Type B,34.56014818114616,1723.59880404872,9
970,59,Sussex,Type B,21.699552570911962,2169.2030312121924,7
971,7,Leghorn,Type A,26.05401503542387,2548.4749234162546,4
972,36,Leghorn,Type B,31.068274772519093,2027.9761896737277,7
973,14,Sussex,Type A,30.56831642041168,2068.71613522567,8
974,38,Leghorn,Type A,26.340929553408984,1825.7116687552111,5
975,59,Plymouth Rock,Type B,25.197862519290773,2410.5795417113404,8
976,36,Plymouth Rock,Type B,25.96418567829306,3126.43632003779,6
977,54,Plymouth Rock,Type A,23.96414394737959,1503.8209450157822,5
978,11,Plymouth Rock,Type B,23.079994080602,3336.0825968836034,5
979,12,Leghorn,Type B,27.24559546338335,2722.7191343705745,5
980,69,Sussex,Type B,24.02800634101411,3058.1830317000754,5
981,61,Sussex,Type C,24.31192497345875,2390.476731575029,8
982,71,Sussex,Type A,29.851340952118356,2948.7917535601587,3
983,63,Sussex,Type C,34.52805997549838,1040.500993348668,5
984,58,Rhode Island Red,Type B,29.05455800839063,3045.9510619488383,2
985,71,Sussex,Type C,21.154692005974493,1100.3471477134162,6
986,55,Rhode Island Red,Type B,21.133754207811005,3224.783440907156,1
987,12,Rhode Island Red,Type C,34.271348312683486,3479.9068680966084,7
988,38,Plymouth Rock,Type B,24.459361854610005,1735.1686554419446,7
989,39,Rhode Island Red,Type C,21.38100479123713,1525.796390714484,0
990,36,Leghorn,Type C,28.985668807255724,2913.4084096451015,8
991,50,Rhode Island Red,Type C,29.354731674353992,1632.5658523006332,1
992,20,Plymouth Rock,Type A,29.72757230178032,3163.9059579305085,6
993,72,Rhode Island Red,Type C,24.011030417863118,1257.1064803936918,7
994,41,Leghorn,Type A,20.226660263217127,1314.8879909483958,8
995,58,Leghorn,Type B,34.475230541817076,3447.878887751539,6
996,18,Leghorn,Type C,23.763395685366536,2684.5972456750114,4
997,59,Plymouth Rock,Type B,30.14039432078821,3117.218061072382,9
998,52,Plymouth Rock,Type B,30.599448048180644,1810.823443378795,8
999,11,Sussex,Type C,29.150111256192286,2691.209373801511,5
